<?xml version="1.0" encoding="UTF-8"?>
<project-private xmlns="http://www.netbeans.org/ns/project-private/1">
    <editor-bookmarks xmlns="http://www.netbeans.org/ns/editor-bookmarks/1"/>
    <editor-bookmarks xmlns="http://www.netbeans.org/ns/editor-bookmarks/2" lastBookmarkId="0"/>
    <open-files xmlns="http://www.netbeans.org/ns/projectui-open-files/2">
        <group>
            <file>file:/C:/Users/mtion/iCloudDrive/Documents/AUM/Fall%202020/CSCI4970-WebDev2/homework/homework%201/ch06_tech_support/customer_manager/index.php</file>
            <file>file:/C:/Users/mtion/iCloudDrive/Documents/AUM/Fall%202020/CSCI4970-WebDev2/homework/homework%201/ch06_tech_support/under_construction.php</file>
        </group>
    </open-files>
</project-private>
